"SourceArchivePath"	"RepositoryPath"	"SourceSHA256"	"TargetSHA256"	"Match"
".github/workflows/.gitkeep"	".github/workflows/.gitkeep"	"01ba4719c80b6fe911b091a7c05124b64eeece964e09c058ef8f9805daca546b"	"01ba4719c80b6fe911b091a7c05124b64eeece964e09c058ef8f9805daca546b"	"True"
".github/workflows/validate.yml"	"archive/v0_ci/validate.yml"	"ef5625b852e895cf9f9b4d548f868391e1ae0d626aa28c0fc004a3162252652f"	"ef5625b852e895cf9f9b4d548f868391e1ae0d626aa28c0fc004a3162252652f"	"True"
".gitignore"	"archive/v0_tooling/.gitignore"	"599ba334d34a0643f8ef2a566c3486fdfb8f7b3e742666a6072d69ec2374659f"	"599ba334d34a0643f8ef2a566c3486fdfb8f7b3e742666a6072d69ec2374659f"	"True"
"C_Semantic_Treehouse/C_export_for_validation.md"	"C_Semantic_Treehouse/C_export_for_validation.md"	"21843c6b839c0d04d41d161e42e270c7031f2e66d0144a699678e921f886b50f"	"21843c6b839c0d04d41d161e42e270c7031f2e66d0144a699678e921f886b50f"	"True"
"C_Semantic_Treehouse/C_model_versioning_demo.md"	"C_Semantic_Treehouse/C_model_versioning_demo.md"	"b6ae4a5b5e61b7cc28ad7bd653caf607f4082e9ff7814af087234624349fb7f6"	"b6ae4a5b5e61b7cc28ad7bd653caf607f4082e9ff7814af087234624349fb7f6"	"True"
"C_Semantic_Treehouse/C_semantic_model_design.md"	"C_Semantic_Treehouse/C_semantic_model_design.md"	"70ead37da5020d78a76e97fee1e6b8ec849ce7eab7c5a8bf3e22b0ac0b331dcc"	"70ead37da5020d78a76e97fee1e6b8ec849ce7eab7c5a8bf3e22b0ac0b331dcc"	"True"
"C_Semantic_Treehouse/C_semantic_treehouse_usage.md"	"C_Semantic_Treehouse/C_semantic_treehouse_usage.md"	"10cde8eabf206347156dc9b8d81e844910f9119a3e620fd2f6ec02acc9d0d46f"	"10cde8eabf206347156dc9b8d81e844910f9119a3e620fd2f6ec02acc9d0d46f"	"True"
"C_Semantic_Treehouse/diagrams/.gitkeep"	"C_Semantic_Treehouse/diagrams/.gitkeep"	"01ba4719c80b6fe911b091a7c05124b64eeece964e09c058ef8f9805daca546b"	"01ba4719c80b6fe911b091a7c05124b64eeece964e09c058ef8f9805daca546b"	"True"
"C_Semantic_Treehouse/diagrams/metadata-record-model.mmd"	"C_Semantic_Treehouse/diagrams/metadata-record-model.mmd"	"61f6c1142a0a9dca72be321eb91b30bc4725c9faba85a53b9795c13c98c49aa8"	"61f6c1142a0a9dca72be321eb91b30bc4725c9faba85a53b9795c13c98c49aa8"	"True"
"C_Semantic_Treehouse/diagrams/semantic-governance-flow.mmd"	"C_Semantic_Treehouse/diagrams/semantic-governance-flow.mmd"	"25c99875ff9d55c1dd4ffbf384035ae4c768942f5a9d12d2d1d1c8da1a5b4a1f"	"25c99875ff9d55c1dd4ffbf384035ae4c768942f5a9d12d2d1d1c8da1a5b4a1f"	"True"
"C_Semantic_Treehouse/docs/ai-assisted-human-governed-semantic-modeling.md"	"archive/v0_docs/repository-artifacts/C_Semantic_Treehouse/docs/ai-assisted-human-governed-semantic-modeling.md"	"7609d3218eae52662c016bceda6fb0efe7c3d4a4db1aa33ac73677cbcd734d1c"	"7609d3218eae52662c016bceda6fb0efe7c3d4a4db1aa33ac73677cbcd734d1c"	"True"
"C_Semantic_Treehouse/docs/demo-script.md"	"archive/v0_docs/repository-artifacts/C_Semantic_Treehouse/docs/demo-script.md"	"72fd54f13b2fedf4b9af1fd9166972ad44f6079f3f5718637fccd99e8ee037c4"	"72fd54f13b2fedf4b9af1fd9166972ad44f6079f3f5718637fccd99e8ee037c4"	"True"
"C_Semantic_Treehouse/docs/engineering-harness.md"	"archive/v0_docs/repository-artifacts/C_Semantic_Treehouse/docs/engineering-harness.md"	"253503dd7675ef8104594f5dc14cf46423b9b546749d3878d0a482f16278df87"	"253503dd7675ef8104594f5dc14cf46423b9b546749d3878d0a482f16278df87"	"True"
"C_Semantic_Treehouse/docs/final-checklist.md"	"archive/v0_docs/repository-artifacts/C_Semantic_Treehouse/docs/final-checklist.md"	"b1756fa48c1c657eb898464c6c84a6e1d403ac88acc90bcf3a977a15a964486f"	"b1756fa48c1c657eb898464c6c84a6e1d403ac88acc90bcf3a977a15a964486f"	"True"
"C_Semantic_Treehouse/evidence/README.md"	"archive/v0_evidence/C_Semantic_Treehouse/evidence/README.md"	"b505aa6f0dd016632ef1825228ef0e49d0cd27b69497d680f703f924eda93a80"	"b505aa6f0dd016632ef1825228ef0e49d0cd27b69497d680f703f924eda93a80"	"True"
"C_Semantic_Treehouse/evidence/semantic-treehouse-local-deployment.md"	"archive/v0_evidence/C_Semantic_Treehouse/evidence/semantic-treehouse-local-deployment.md"	"981e1c841e17ac06d934a0f73ff8ae5e5c18ecdb327603871e313e6600a6f433"	"981e1c841e17ac06d934a0f73ff8ae5e5c18ecdb327603871e313e6600a6f433"	"True"
"C_Semantic_Treehouse/evidence/semantic-treehouse-upstream-version.txt"	"archive/v0_evidence/C_Semantic_Treehouse/evidence/semantic-treehouse-upstream-version.txt"	"6447819bf173e4653563f85e43660247bcfab23911d9a4793d05f465a6816d7a"	"6447819bf173e4653563f85e43660247bcfab23911d9a4793d05f465a6816d7a"	"True"
"C_Semantic_Treehouse/evidence/treehouse-compose-candidates.txt"	"archive/v0_evidence/C_Semantic_Treehouse/evidence/treehouse-compose-candidates.txt"	"272e08b1e4cc0e6f6f067e0e487979678de5dd55ac9f5cbb1214fc5d216f01d3"	"272e08b1e4cc0e6f6f067e0e487979678de5dd55ac9f5cbb1214fc5d216f01d3"	"True"
"C_Semantic_Treehouse/evidence/treehouse-compose-file.txt"	"archive/v0_evidence/C_Semantic_Treehouse/evidence/treehouse-compose-file.txt"	"eac48402e77908c5ee8d8c50a0f80cef41b2c6801faf9c041847621eedf96f6c"	"eac48402e77908c5ee8d8c50a0f80cef41b2c6801faf9c041847621eedf96f6c"	"True"
"C_Semantic_Treehouse/evidence/treehouse-docker-compose.log"	"archive/v0_evidence/C_Semantic_Treehouse/evidence/treehouse-docker-compose.log"	"0a5d79a0b72a9ae57beccdd749355709ecca056b1c82c6183daf978f88d3e62a"	"0a5d79a0b72a9ae57beccdd749355709ecca056b1c82c6183daf978f88d3e62a"	"True"
"C_Semantic_Treehouse/evidence/treehouse-docker-ps.txt"	"archive/v0_evidence/C_Semantic_Treehouse/evidence/treehouse-docker-ps.txt"	"4005e90cc8fd1b28a49d85fdc3c6afa1e6ffd441670670d9d98a6c162aecf8d2"	"4005e90cc8fd1b28a49d85fdc3c6afa1e6ffd441670670d9d98a6c162aecf8d2"	"True"
"C_Semantic_Treehouse/evidence/treehouse-smoke-check.txt"	"archive/v0_evidence/C_Semantic_Treehouse/evidence/treehouse-smoke-check.txt"	"b3edf91d1e82a22e9ccc2314ffd41f583b2c3c3334b3a9c18a0c82214aae67bb"	"b3edf91d1e82a22e9ccc2314ffd41f583b2c3c3334b3a9c18a0c82214aae67bb"	"True"
"C_Semantic_Treehouse/FINAL_SUMMARY.md"	"archive/v0_phase_summaries/FINAL_SUMMARY.md"	"33a1f8ab5fa1ccbf2d5a4012d8049f91cbdb6491af165b20b6af557250dbcee4"	"33a1f8ab5fa1ccbf2d5a4012d8049f91cbdb6491af165b20b6af557250dbcee4"	"True"
"C_Semantic_Treehouse/fixtures/.gitkeep"	"C_Semantic_Treehouse/fixtures/.gitkeep"	"01ba4719c80b6fe911b091a7c05124b64eeece964e09c058ef8f9805daca546b"	"01ba4719c80b6fe911b091a7c05124b64eeece964e09c058ef8f9805daca546b"	"True"
"C_Semantic_Treehouse/governance/.gitkeep"	"C_Semantic_Treehouse/governance/.gitkeep"	"01ba4719c80b6fe911b091a7c05124b64eeece964e09c058ef8f9805daca546b"	"01ba4719c80b6fe911b091a7c05124b64eeece964e09c058ef8f9805daca546b"	"True"
"C_Semantic_Treehouse/governance/changelog.md"	"C_Semantic_Treehouse/governance/changelog.md"	"3f2f4dadeecbcf624ccd037c8ac33408d1f7725ca06d3e3fa5a1cab9fe224224"	"3f2f4dadeecbcf624ccd037c8ac33408d1f7725ca06d3e3fa5a1cab9fe224224"	"True"
"C_Semantic_Treehouse/governance/deprecation-policy.md"	"C_Semantic_Treehouse/governance/deprecation-policy.md"	"e9ee4c8350720713bb3d9e48da69a442377430c28e19de41a530baf9df5d30ad"	"e9ee4c8350720713bb3d9e48da69a442377430c28e19de41a530baf9df5d30ad"	"True"
"C_Semantic_Treehouse/governance/model-card.md"	"C_Semantic_Treehouse/governance/model-card.md"	"ac7b1e617be29819d7303448831cd41b19963477b19275835b8cba8e2502e054"	"ac7b1e617be29819d7303448831cd41b19963477b19275835b8cba8e2502e054"	"True"
"C_Semantic_Treehouse/governance/namespace-policy.md"	"C_Semantic_Treehouse/governance/namespace-policy.md"	"f95f2695a913918c48ca0136617c659dbb8b8f6e66409efd251423b7100096cf"	"f95f2695a913918c48ca0136617c659dbb8b8f6e66409efd251423b7100096cf"	"True"
"C_Semantic_Treehouse/governance/provenance.jsonld"	"C_Semantic_Treehouse/governance/provenance.jsonld"	"6211a73d4b0af5dd84da39f09020426e1ba965fb474c96023babd7dbea596134"	"6211a73d4b0af5dd84da39f09020426e1ba965fb474c96023babd7dbea596134"	"True"
"C_Semantic_Treehouse/governance/release-policy.md"	"C_Semantic_Treehouse/governance/release-policy.md"	"1c5f7ac990ad4f4369698736056c2f75b30471f1a36e44c2f8913e6304f230cd"	"1c5f7ac990ad4f4369698736056c2f75b30471f1a36e44c2f8913e6304f230cd"	"True"
"C_Semantic_Treehouse/governance/review-workflow.md"	"C_Semantic_Treehouse/governance/review-workflow.md"	"d1c9eda5bbec84479a734941e8bf8894bab446e2fa369e0e4a4bd57b6721fc12"	"d1c9eda5bbec84479a734941e8bf8894bab446e2fa369e0e4a4bd57b6721fc12"	"True"
"C_Semantic_Treehouse/handoff/.gitkeep"	"C_Semantic_Treehouse/handoff/.gitkeep"	"01ba4719c80b6fe911b091a7c05124b64eeece964e09c058ef8f9805daca546b"	"01ba4719c80b6fe911b091a7c05124b64eeece964e09c058ef8f9805daca546b"	"True"
"C_Semantic_Treehouse/handoff/handoff-to-A-offering-metadata.md"	"C_Semantic_Treehouse/handoff/handoff-to-A-offering-metadata.md"	"65fc52a8a0fa6e78ab2ac7589149b9fa4283d8df8d809f49775dcd25ce0c4bb6"	"65fc52a8a0fa6e78ab2ac7589149b9fa4283d8df8d809f49775dcd25ce0c4bb6"	"True"
"C_Semantic_Treehouse/handoff/handoff-to-B-model-uri-provenance.md"	"C_Semantic_Treehouse/handoff/handoff-to-B-model-uri-provenance.md"	"f03b49d845c9e23961535288e0e235ff39cabf19a59ab138bd9e7da21e62c1ba"	"f03b49d845c9e23961535288e0e235ff39cabf19a59ab138bd9e7da21e62c1ba"	"True"
"C_Semantic_Treehouse/handoff/handoff-to-D-shacl-validation.md"	"C_Semantic_Treehouse/handoff/handoff-to-D-shacl-validation.md"	"3797d9f155b69de409e1a761050ee5f4686e0bda7d52a289896be1306a1bc3c0"	"3797d9f155b69de409e1a761050ee5f4686e0bda7d52a289896be1306a1bc3c0"	"True"
"C_Semantic_Treehouse/mappings/.gitkeep"	"C_Semantic_Treehouse/mappings/.gitkeep"	"01ba4719c80b6fe911b091a7c05124b64eeece964e09c058ef8f9805daca546b"	"01ba4719c80b6fe911b091a7c05124b64eeece964e09c058ef8f9805daca546b"	"True"
"C_Semantic_Treehouse/mappings/external-standard-alignment.sssom.tsv"	"C_Semantic_Treehouse/mappings/external-standard-alignment.sssom.tsv"	"67372049e3599f4e07a70ccc50e2874f061e9924423f9c0f64ac582616ca172b"	"67372049e3599f4e07a70ccc50e2874f061e9924423f9c0f64ac582616ca172b"	"True"
"C_Semantic_Treehouse/model/v0.1/.gitkeep"	"C_Semantic_Treehouse/model/v0.1/.gitkeep"	"01ba4719c80b6fe911b091a7c05124b64eeece964e09c058ef8f9805daca546b"	"01ba4719c80b6fe911b091a7c05124b64eeece964e09c058ef8f9805daca546b"	"True"
"C_Semantic_Treehouse/model/v0.1/building-energy-ontology.ttl"	"C_Semantic_Treehouse/model/v0.1/building-energy-ontology.ttl"	"c851b37acfca56e72913475ed8b6048a617214b149be8beffb0858dc36c5bcac"	"c851b37acfca56e72913475ed8b6048a617214b149be8beffb0858dc36c5bcac"	"True"
"C_Semantic_Treehouse/model/v0.1/data-product-context.jsonld"	"C_Semantic_Treehouse/model/v0.1/data-product-context.jsonld"	"5bd7e049128f249879f3a52e93d979acfc14b8cabcb828a4e966379b243b05cc"	"5bd7e049128f249879f3a52e93d979acfc14b8cabcb828a4e966379b243b05cc"	"True"
"C_Semantic_Treehouse/model/v0.1/data-product-metadata-shapes.ttl"	"C_Semantic_Treehouse/model/v0.1/data-product-metadata-shapes.ttl"	"7f93a41b0aa70478a6398b3ee223d13a7dbb64f5dd2cc9409e51a64c60912721"	"7f93a41b0aa70478a6398b3ee223d13a7dbb64f5dd2cc9409e51a64c60912721"	"True"
"C_Semantic_Treehouse/model/v0.1/data-product-valid.jsonld"	"C_Semantic_Treehouse/model/v0.1/data-product-valid.jsonld"	"1f99d51492f7bfac467fac6cda4827f98f770ffd6947d934996367b046aaf86c"	"1f99d51492f7bfac467fac6cda4827f98f770ffd6947d934996367b046aaf86c"	"True"
"C_Semantic_Treehouse/model/v0.2/.gitkeep"	"C_Semantic_Treehouse/model/v0.2/.gitkeep"	"01ba4719c80b6fe911b091a7c05124b64eeece964e09c058ef8f9805daca546b"	"01ba4719c80b6fe911b091a7c05124b64eeece964e09c058ef8f9805daca546b"	"True"
"C_Semantic_Treehouse/model/v0.2/building-energy-ontology.ttl"	"C_Semantic_Treehouse/model/v0.2/building-energy-ontology.ttl"	"800f74d26133fd0c111747113945029ccd2edeca990cad5d893007a973032631"	"800f74d26133fd0c111747113945029ccd2edeca990cad5d893007a973032631"	"True"
"C_Semantic_Treehouse/model/v0.2/data-product-context.jsonld"	"C_Semantic_Treehouse/model/v0.2/data-product-context.jsonld"	"fe96dd475dd5d116d6271ad1b14a3228f59686a865313ac2dbb81d6c91b6da2a"	"fe96dd475dd5d116d6271ad1b14a3228f59686a865313ac2dbb81d6c91b6da2a"	"True"
"C_Semantic_Treehouse/model/v0.2/data-product-invalid.jsonld"	"C_Semantic_Treehouse/model/v0.2/data-product-invalid.jsonld"	"9fe8164622db3fb54fe72ed7411fa10c45dafce6c63122151360249ca08431e2"	"9fe8164622db3fb54fe72ed7411fa10c45dafce6c63122151360249ca08431e2"	"True"
"C_Semantic_Treehouse/model/v0.2/data-product-metadata-shapes.ttl"	"C_Semantic_Treehouse/model/v0.2/data-product-metadata-shapes.ttl"	"1a8bbcf62022313488d227969e47285537dda1c7347e787399eff8d2229ab351"	"1a8bbcf62022313488d227969e47285537dda1c7347e787399eff8d2229ab351"	"True"
"C_Semantic_Treehouse/model/v0.2/data-product-valid.jsonld"	"C_Semantic_Treehouse/model/v0.2/data-product-valid.jsonld"	"34aadddd5523c12fa8bab6cc3c7c31c161168284b5d9be853e36ee03ecc38f5a"	"34aadddd5523c12fa8bab6cc3c7c31c161168284b5d9be853e36ee03ecc38f5a"	"True"
"C_Semantic_Treehouse/model/v0.3/.gitkeep"	"C_Semantic_Treehouse/model/v0.3/.gitkeep"	"01ba4719c80b6fe911b091a7c05124b64eeece964e09c058ef8f9805daca546b"	"01ba4719c80b6fe911b091a7c05124b64eeece964e09c058ef8f9805daca546b"	"True"
"C_Semantic_Treehouse/model/v0.3/building-energy-ontology.ttl"	"C_Semantic_Treehouse/model/v0.3/building-energy-ontology.ttl"	"b3081a4ea960e7b90f4a2e836e99dfa092f29346106cd1e2b9f7c58b0d598e7d"	"b3081a4ea960e7b90f4a2e836e99dfa092f29346106cd1e2b9f7c58b0d598e7d"	"True"
"C_Semantic_Treehouse/model/v0.3/data-product-context.jsonld"	"C_Semantic_Treehouse/model/v0.3/data-product-context.jsonld"	"fe96dd475dd5d116d6271ad1b14a3228f59686a865313ac2dbb81d6c91b6da2a"	"fe96dd475dd5d116d6271ad1b14a3228f59686a865313ac2dbb81d6c91b6da2a"	"True"
"C_Semantic_Treehouse/model/v0.3/data-product-metadata-shapes.ttl"	"C_Semantic_Treehouse/model/v0.3/data-product-metadata-shapes.ttl"	"3241483f15de178c6e1f8d40ea931e600975cddcb1e30845ae2dbf747e734a2f"	"3241483f15de178c6e1f8d40ea931e600975cddcb1e30845ae2dbf747e734a2f"	"True"
"C_Semantic_Treehouse/model/v0.3/data-product-valid.jsonld"	"C_Semantic_Treehouse/model/v0.3/data-product-valid.jsonld"	"ab16fcafc72a7af02e7fba079f37a6216ac89356504e755377b2ba9cf3afab21"	"ab16fcafc72a7af02e7fba079f37a6216ac89356504e755377b2ba9cf3afab21"	"True"
"C_Semantic_Treehouse/model/v0.3/energy-reading-record.schema.json"	"C_Semantic_Treehouse/model/v0.3/energy-reading-record.schema.json"	"dd07414e3752bf582bf5e721009064e16d7be3e1e06d60daaad08000869ccfa9"	"dd07414e3752bf582bf5e721009064e16d7be3e1e06d60daaad08000869ccfa9"	"True"
"C_Semantic_Treehouse/model/v0.3/energy-reading-record-context.jsonld"	"C_Semantic_Treehouse/model/v0.3/energy-reading-record-context.jsonld"	"9727da9b8650dc444d719113a6978a3a26a59bfd1fde011a98e4c1f4b476f748"	"9727da9b8650dc444d719113a6978a3a26a59bfd1fde011a98e4c1f4b476f748"	"True"
"C_Semantic_Treehouse/model/v0.3/energy-reading-record-invalid.jsonld"	"C_Semantic_Treehouse/model/v0.3/energy-reading-record-invalid.jsonld"	"e516f6a8e4ea811170c72e922b86ac7ea46594046704d01a55a2c8e13cd8f358"	"e516f6a8e4ea811170c72e922b86ac7ea46594046704d01a55a2c8e13cd8f358"	"True"
"C_Semantic_Treehouse/model/v0.3/energy-reading-record-shapes.ttl"	"C_Semantic_Treehouse/model/v0.3/energy-reading-record-shapes.ttl"	"84d1eee9cfeecd1791117552611e83d36af7df4f3b4c783ddbd75d45bae66c9a"	"84d1eee9cfeecd1791117552611e83d36af7df4f3b4c783ddbd75d45bae66c9a"	"True"
"C_Semantic_Treehouse/model/v0.3/energy-reading-record-valid.jsonld"	"C_Semantic_Treehouse/model/v0.3/energy-reading-record-valid.jsonld"	"8f7509ad08fb9a62cdff1d6c904801c9421c3ce768bdd9ecb651cd480aa158e1"	"8f7509ad08fb9a62cdff1d6c904801c9421c3ce768bdd9ecb651cd480aa158e1"	"True"
"C_Semantic_Treehouse/model/v0.3/openapi-fragment.yaml"	"C_Semantic_Treehouse/model/v0.3/openapi-fragment.yaml"	"d0f52629f625f7b6656854e352be01b9c40b8d2a943dca0423b70cff168a473c"	"d0f52629f625f7b6656854e352be01b9c40b8d2a943dca0423b70cff168a473c"	"True"
"C_Semantic_Treehouse/PHASE_0_SUMMARY.md"	"archive/v0_phase_summaries/PHASE_0_SUMMARY.md"	"925619b87e3cbaaf4637fe3832f30ce4c5a8623c7a16dff67e2bd67788e9c681"	"925619b87e3cbaaf4637fe3832f30ce4c5a8623c7a16dff67e2bd67788e9c681"	"True"
"C_Semantic_Treehouse/PHASE_1_SUMMARY.md"	"archive/v0_phase_summaries/PHASE_1_SUMMARY.md"	"0e5ea04d74dca41ba13268e90973d763d3b014704efb3297207c37e03fcfa88c"	"0e5ea04d74dca41ba13268e90973d763d3b014704efb3297207c37e03fcfa88c"	"True"
"C_Semantic_Treehouse/PHASE_2_SUMMARY.md"	"archive/v0_phase_summaries/PHASE_2_SUMMARY.md"	"4ae0f655d1297e3c8ae36ec4fb09d47138c1e9acf67e5851079c45458b222bc8"	"4ae0f655d1297e3c8ae36ec4fb09d47138c1e9acf67e5851079c45458b222bc8"	"True"
"C_Semantic_Treehouse/PHASE_3_SUMMARY.md"	"archive/v0_phase_summaries/PHASE_3_SUMMARY.md"	"5f32671a457fe3988ef07d770b78d39952a0fcd7d02ae3fbcccd899c1f254c48"	"5f32671a457fe3988ef07d770b78d39952a0fcd7d02ae3fbcccd899c1f254c48"	"True"
"C_Semantic_Treehouse/PHASE_4_SUMMARY.md"	"archive/v0_phase_summaries/PHASE_4_SUMMARY.md"	"0287422fae6d04e78c49bc1282f1e3e6c23d4f393e5596e88e01d38560109edf"	"0287422fae6d04e78c49bc1282f1e3e6c23d4f393e5596e88e01d38560109edf"	"True"
"C_Semantic_Treehouse/PHASE_5_SUMMARY.md"	"archive/v0_phase_summaries/PHASE_5_SUMMARY.md"	"d87d75f239e6709443ebd895871336dee635ff4661326089bb49e2ff97db1df7"	"d87d75f239e6709443ebd895871336dee635ff4661326089bb49e2ff97db1df7"	"True"
"C_Semantic_Treehouse/PHASE_6_SUMMARY.md"	"archive/v0_phase_summaries/PHASE_6_SUMMARY.md"	"a739cfbee973e4829b42b7bf75adc3ea71fee59ae6fbfa6fd135cd0cd8d4d6e0"	"a739cfbee973e4829b42b7bf75adc3ea71fee59ae6fbfa6fd135cd0cd8d4d6e0"	"True"
"C_Semantic_Treehouse/PHASE_7_SUMMARY.md"	"archive/v0_phase_summaries/PHASE_7_SUMMARY.md"	"745f0e2d69d8ee047aebe62e1edf3ed7aa3086784963b9d934c2f1a04b98fcba"	"745f0e2d69d8ee047aebe62e1edf3ed7aa3086784963b9d934c2f1a04b98fcba"	"True"
"C_Semantic_Treehouse/PHASE_8_SUMMARY.md"	"archive/v0_phase_summaries/PHASE_8_SUMMARY.md"	"4ab56c1aac032a51f7581db74cc90a8cd74687c37b29a05cd50036db45971579"	"4ab56c1aac032a51f7581db74cc90a8cd74687c37b29a05cd50036db45971579"	"True"
"C_Semantic_Treehouse/quality/.gitkeep"	"C_Semantic_Treehouse/quality/.gitkeep"	"01ba4719c80b6fe911b091a7c05124b64eeece964e09c058ef8f9805daca546b"	"01ba4719c80b6fe911b091a7c05124b64eeece964e09c058ef8f9805daca546b"	"True"
"C_Semantic_Treehouse/quality/model-quality-assessment.md"	"archive/v0_quality/C_Semantic_Treehouse/quality/model-quality-assessment.md"	"50f3dff65d83d47a8d608f290a52b307fac562e6c062f75d85bc958a12142c58"	"50f3dff65d83d47a8d608f290a52b307fac562e6c062f75d85bc958a12142c58"	"True"
"C_Semantic_Treehouse/README.md"	"C_Semantic_Treehouse/README.md"	"b6e9186b2cf619f10cee35bd7f20a9b09a2600e61e4bf9a53b37b5c6f7293708"	"b6e9186b2cf619f10cee35bd7f20a9b09a2600e61e4bf9a53b37b5c6f7293708"	"True"
"C_Semantic_Treehouse/requirements.txt"	"C_Semantic_Treehouse/requirements.txt"	"fd775adf1ccd04f791728575f8a6fb4d495a17914d72ed70a089e789af813f2d"	"fd775adf1ccd04f791728575f8a6fb4d495a17914d72ed70a089e789af813f2d"	"True"
"C_Semantic_Treehouse/scripts/.gitkeep"	"C_Semantic_Treehouse/scripts/.gitkeep"	"01ba4719c80b6fe911b091a7c05124b64eeece964e09c058ef8f9805daca546b"	"01ba4719c80b6fe911b091a7c05124b64eeece964e09c058ef8f9805daca546b"	"True"
"C_Semantic_Treehouse/scripts/check_links_and_paths.py"	"C_Semantic_Treehouse/scripts/check_links_and_paths.py"	"1f3bbc3ce054a0209db724b6f470c730991a8fe6103fbc21f843746fba04fd85"	"1f3bbc3ce054a0209db724b6f470c730991a8fe6103fbc21f843746fba04fd85"	"True"
"C_Semantic_Treehouse/scripts/check_required_files.py"	"C_Semantic_Treehouse/scripts/check_required_files.py"	"e887bf0ded9fec93d2735fc9f25d9af00781c51f78d6c85d562c8df67da9600a"	"e887bf0ded9fec93d2735fc9f25d9af00781c51f78d6c85d562c8df67da9600a"	"True"
"C_Semantic_Treehouse/scripts/phase1_validate.py"	"C_Semantic_Treehouse/scripts/phase1_validate.py"	"b0fa20213021555aa315fdf7cd2f41ff2b446410d21ea3762e5274ef59d3d39b"	"b0fa20213021555aa315fdf7cd2f41ff2b446410d21ea3762e5274ef59d3d39b"	"True"
"C_Semantic_Treehouse/scripts/quality_metrics.py"	"C_Semantic_Treehouse/scripts/quality_metrics.py"	"534b56f2c5a12350c36200e09fdcd795268023f861eb59750e076113673ecda4"	"534b56f2c5a12350c36200e09fdcd795268023f861eb59750e076113673ecda4"	"True"
"C_Semantic_Treehouse/scripts/run_all_validations.py"	"C_Semantic_Treehouse/scripts/run_all_validations.py"	"8f1ee71dd57e6590d6e5812e1115a07020a6536f90a5ea52846bbd821ecdfef3"	"8f1ee71dd57e6590d6e5812e1115a07020a6536f90a5ea52846bbd821ecdfef3"	"True"
"C_Semantic_Treehouse/scripts/run_sparql_tests.py"	"C_Semantic_Treehouse/scripts/run_sparql_tests.py"	"f0664719c542ff10dd728b91e96bed51c943c75c7d2460b930a11aec75fe922f"	"f0664719c542ff10dd728b91e96bed51c943c75c7d2460b930a11aec75fe922f"	"True"
"C_Semantic_Treehouse/scripts/treehouse_clone_or_update.ps1"	"C_Semantic_Treehouse/scripts/treehouse_clone_or_update.ps1"	"bcf7fc4eb0ed022e0d304ad29c1390800646250f96772e9eb2edc3833156a9a4"	"bcf7fc4eb0ed022e0d304ad29c1390800646250f96772e9eb2edc3833156a9a4"	"True"
"C_Semantic_Treehouse/scripts/treehouse_clone_or_update.sh"	"C_Semantic_Treehouse/scripts/treehouse_clone_or_update.sh"	"e0b4d0f738602d32d01544584cc855f72f7077ba4500fa76a4ebb082a906d93c"	"e0b4d0f738602d32d01544584cc855f72f7077ba4500fa76a4ebb082a906d93c"	"True"
"C_Semantic_Treehouse/scripts/treehouse_down.ps1"	"C_Semantic_Treehouse/scripts/treehouse_down.ps1"	"9bb53b7c92e5ba355400436d4bb6c50c3db0b3df9c790573377e471244368d90"	"9bb53b7c92e5ba355400436d4bb6c50c3db0b3df9c790573377e471244368d90"	"True"
"C_Semantic_Treehouse/scripts/treehouse_down.sh"	"C_Semantic_Treehouse/scripts/treehouse_down.sh"	"82463571ef8937733159b17bb985bf909ef69c7a12ac47f891ee170238f57e35"	"82463571ef8937733159b17bb985bf909ef69c7a12ac47f891ee170238f57e35"	"True"
"C_Semantic_Treehouse/scripts/treehouse_status.ps1"	"C_Semantic_Treehouse/scripts/treehouse_status.ps1"	"68cd254cd00b388b7ce82cfbee099863cd0881b1bb9229e354cd510627af956a"	"68cd254cd00b388b7ce82cfbee099863cd0881b1bb9229e354cd510627af956a"	"True"
"C_Semantic_Treehouse/scripts/treehouse_status.sh"	"C_Semantic_Treehouse/scripts/treehouse_status.sh"	"a9058e12add2dc4871ee01ab4e930a412a9c06014618f30b8027ca543d0362c7"	"a9058e12add2dc4871ee01ab4e930a412a9c06014618f30b8027ca543d0362c7"	"True"
"C_Semantic_Treehouse/scripts/treehouse_up.ps1"	"C_Semantic_Treehouse/scripts/treehouse_up.ps1"	"9609a0969727a2274625d334224a33b72217938d3e45711c9e4020197b1b47c1"	"9609a0969727a2274625d334224a33b72217938d3e45711c9e4020197b1b47c1"	"True"
"C_Semantic_Treehouse/scripts/treehouse_up.sh"	"C_Semantic_Treehouse/scripts/treehouse_up.sh"	"ce5c51b8dcee4ce9b239bfff0fdd6499495cd94a85371ab5b9ac1aacba43d9aa"	"ce5c51b8dcee4ce9b239bfff0fdd6499495cd94a85371ab5b9ac1aacba43d9aa"	"True"
"C_Semantic_Treehouse/scripts/validate_governance.py"	"C_Semantic_Treehouse/scripts/validate_governance.py"	"86fbd96469803b6be17697b63cc3fde9ab4253c91bc404716233151b64746734"	"86fbd96469803b6be17697b63cc3fde9ab4253c91bc404716233151b64746734"	"True"
"C_Semantic_Treehouse/scripts/validate_jsonld.py"	"C_Semantic_Treehouse/scripts/validate_jsonld.py"	"aa8f362272b5d89a07a52b3961fdc68de95aaf6be8f333b364f931863e963fa6"	"aa8f362272b5d89a07a52b3961fdc68de95aaf6be8f333b364f931863e963fa6"	"True"
"C_Semantic_Treehouse/scripts/validate_jsonschema.py"	"C_Semantic_Treehouse/scripts/validate_jsonschema.py"	"72677ee2838a2df9d65bce616e764c9d3a94503edced2a381c0dd12853783078"	"72677ee2838a2df9d65bce616e764c9d3a94503edced2a381c0dd12853783078"	"True"
"C_Semantic_Treehouse/scripts/validate_openapi.py"	"C_Semantic_Treehouse/scripts/validate_openapi.py"	"44085792f324ed3b105b7a5c94312f52cfdaf6b3cb8242fdd22d0c7d94b5d94b"	"44085792f324ed3b105b7a5c94312f52cfdaf6b3cb8242fdd22d0c7d94b5d94b"	"True"
"C_Semantic_Treehouse/scripts/validate_rdf.py"	"C_Semantic_Treehouse/scripts/validate_rdf.py"	"55af877ceab2daaedd661097e579cbbea0aed17a57c360f5185517d4f4c6d9af"	"55af877ceab2daaedd661097e579cbbea0aed17a57c360f5185517d4f4c6d9af"	"True"
"C_Semantic_Treehouse/scripts/validate_shacl.py"	"C_Semantic_Treehouse/scripts/validate_shacl.py"	"7766d4ce2e60a284288b6a54769161dad64bd57347cda846ea9c9cca9adf4349"	"7766d4ce2e60a284288b6a54769161dad64bd57347cda846ea9c9cca9adf4349"	"True"
"C_Semantic_Treehouse/scripts/validation_common.py"	"C_Semantic_Treehouse/scripts/validation_common.py"	"a6ba501da9e91c5be32328f6a98ed2d1c90103f7677994e5a79f2594fd2f6fc9"	"a6ba501da9e91c5be32328f6a98ed2d1c90103f7677994e5a79f2594fd2f6fc9"	"True"
"C_Semantic_Treehouse/sparql/.gitkeep"	"C_Semantic_Treehouse/sparql/.gitkeep"	"01ba4719c80b6fe911b091a7c05124b64eeece964e09c058ef8f9805daca546b"	"01ba4719c80b6fe911b091a7c05124b64eeece964e09c058ef8f9805daca546b"	"True"
"C_Semantic_Treehouse/tests/.gitkeep"	"C_Semantic_Treehouse/tests/.gitkeep"	"01ba4719c80b6fe911b091a7c05124b64eeece964e09c058ef8f9805daca546b"	"01ba4719c80b6fe911b091a7c05124b64eeece964e09c058ef8f9805daca546b"	"True"
"C_Semantic_Treehouse/tests/sparql/competency-questions.md"	"C_Semantic_Treehouse/tests/sparql/competency-questions.md"	"dc8bb2a44e4f222efb36d3461098b8b926428b6af7a90aafba4236606bfd2218"	"dc8bb2a44e4f222efb36d3461098b8b926428b6af7a90aafba4236606bfd2218"	"True"
"C_Semantic_Treehouse/tests/sparql/expected/cq01-dataset-id.tsv"	"C_Semantic_Treehouse/tests/sparql/expected/cq01-dataset-id.tsv"	"48d4acfe26a34b362d5ba5670b8f35b34fbdd7cf71ad2e8f0facec694957c17d"	"48d4acfe26a34b362d5ba5670b8f35b34fbdd7cf71ad2e8f0facec694957c17d"	"True"
"C_Semantic_Treehouse/tests/sparql/expected/cq02-provider.tsv"	"C_Semantic_Treehouse/tests/sparql/expected/cq02-provider.tsv"	"1dc6bbceaf5e4d09f9192613f299552b82295dd34edbd24c662b601ab9742de2"	"1dc6bbceaf5e4d09f9192613f299552b82295dd34edbd24c662b601ab9742de2"	"True"
"C_Semantic_Treehouse/tests/sparql/expected/cq03-endpoint.tsv"	"C_Semantic_Treehouse/tests/sparql/expected/cq03-endpoint.tsv"	"69bacd4ad88ecb0066def483a8f778cd652a1d0dddf2e343195c198557120b51"	"69bacd4ad88ecb0066def483a8f778cd652a1d0dddf2e343195c198557120b51"	"True"
"C_Semantic_Treehouse/tests/sparql/expected/cq04-format-frequency.tsv"	"C_Semantic_Treehouse/tests/sparql/expected/cq04-format-frequency.tsv"	"c5c13dc9d6eb801fe4c3b46a8daa0bc6b1e553324e6e5872fa4d8c1e6348b526"	"c5c13dc9d6eb801fe4c3b46a8daa0bc6b1e553324e6e5872fa4d8c1e6348b526"	"True"
"C_Semantic_Treehouse/tests/sparql/expected/cq05-unit.tsv"	"C_Semantic_Treehouse/tests/sparql/expected/cq05-unit.tsv"	"c5a3d03175d27f556f2a478dd22ece03c110ee5798a3a541edf94b5b7727ae51"	"c5a3d03175d27f556f2a478dd22ece03c110ee5798a3a541edf94b5b7727ae51"	"True"
"C_Semantic_Treehouse/tests/sparql/expected/cq06-coverage.tsv"	"C_Semantic_Treehouse/tests/sparql/expected/cq06-coverage.tsv"	"137e0beb4bfb8f24f207a454e1eec0d724ec9faf65df1d90591beab811c57a34"	"137e0beb4bfb8f24f207a454e1eec0d724ec9faf65df1d90591beab811c57a34"	"True"
"C_Semantic_Treehouse/tests/sparql/expected/cq07-conforms-to.tsv"	"C_Semantic_Treehouse/tests/sparql/expected/cq07-conforms-to.tsv"	"1b85c26bcc6c64153ee5eb323667594d61ef3c1413ba01564a3c6ae8db5cba08"	"1b85c26bcc6c64153ee5eb323667594d61ef3c1413ba01564a3c6ae8db5cba08"	"True"
"C_Semantic_Treehouse/tests/sparql/expected/cq08-record-fields.tsv"	"C_Semantic_Treehouse/tests/sparql/expected/cq08-record-fields.tsv"	"b023b694a37bd01d0b8b8402f258326448b745373b12b53d9369de6046c6294a"	"b023b694a37bd01d0b8b8402f258326448b745373b12b53d9369de6046c6294a"	"True"
"C_Semantic_Treehouse/tests/sparql/queries/cq01-dataset-id.rq"	"C_Semantic_Treehouse/tests/sparql/queries/cq01-dataset-id.rq"	"7964d1ba924602d827beb5c1cbe7c8c7af7331520cf76c87d7aefa5ffe86c9e4"	"7964d1ba924602d827beb5c1cbe7c8c7af7331520cf76c87d7aefa5ffe86c9e4"	"True"
"C_Semantic_Treehouse/tests/sparql/queries/cq02-provider.rq"	"C_Semantic_Treehouse/tests/sparql/queries/cq02-provider.rq"	"0b468d38158039ba2fff4083d7d6df021425cbb02410ac75a23f6e9ca9be747a"	"0b468d38158039ba2fff4083d7d6df021425cbb02410ac75a23f6e9ca9be747a"	"True"
"C_Semantic_Treehouse/tests/sparql/queries/cq03-endpoint.rq"	"C_Semantic_Treehouse/tests/sparql/queries/cq03-endpoint.rq"	"ccac37c49f83a4b5608af465a8f62df4a24d0295fe8f71322b99e15384188584"	"ccac37c49f83a4b5608af465a8f62df4a24d0295fe8f71322b99e15384188584"	"True"
"C_Semantic_Treehouse/tests/sparql/queries/cq04-format-frequency.rq"	"C_Semantic_Treehouse/tests/sparql/queries/cq04-format-frequency.rq"	"f5f88522cd4509acb0ebd7402833fb9f9d181d5773de492e48724ba5fa21c539"	"f5f88522cd4509acb0ebd7402833fb9f9d181d5773de492e48724ba5fa21c539"	"True"
"C_Semantic_Treehouse/tests/sparql/queries/cq05-unit.rq"	"C_Semantic_Treehouse/tests/sparql/queries/cq05-unit.rq"	"ce92a6d39530488b73dde4a7103b35078bdf0421a3769e4812e86923f80cdaff"	"ce92a6d39530488b73dde4a7103b35078bdf0421a3769e4812e86923f80cdaff"	"True"
"C_Semantic_Treehouse/tests/sparql/queries/cq06-coverage.rq"	"C_Semantic_Treehouse/tests/sparql/queries/cq06-coverage.rq"	"fc4ef70bb3ac15d6b8a5ee3ecc9e72eddca1adae6706c941712228c0c84d1670"	"fc4ef70bb3ac15d6b8a5ee3ecc9e72eddca1adae6706c941712228c0c84d1670"	"True"
"C_Semantic_Treehouse/tests/sparql/queries/cq07-conforms-to.rq"	"C_Semantic_Treehouse/tests/sparql/queries/cq07-conforms-to.rq"	"d9c73ec6f6e83295be47c908146ce9770b484fb24e2520c1381dc7639e0e1cfe"	"d9c73ec6f6e83295be47c908146ce9770b484fb24e2520c1381dc7639e0e1cfe"	"True"
"C_Semantic_Treehouse/tests/sparql/queries/cq08-record-fields.rq"	"C_Semantic_Treehouse/tests/sparql/queries/cq08-record-fields.rq"	"2111de056c7f7303821ef11012b8e246eb857b187a54c8ff07df6ba66788531b"	"2111de056c7f7303821ef11012b8e246eb857b187a54c8ff07df6ba66788531b"	"True"
"C_Semantic_Treehouse/validation/all-validations-report.md"	"archive/v0_validation_reports/all-validations-report.md"	"ee1477c4de0d74a62c44aea064ac2009c29f4ac8d32f4e742b455c3d7d55e728"	"ee1477c4de0d74a62c44aea064ac2009c29f4ac8d32f4e742b455c3d7d55e728"	"True"
"C_Semantic_Treehouse/validation/expected-results.md"	"C_Semantic_Treehouse/validation/expected-results.md"	"872b24c6f9529efe6e8320cecd0bff7068d90f3913bf18638ed275386980cdd1"	"872b24c6f9529efe6e8320cecd0bff7068d90f3913bf18638ed275386980cdd1"	"True"
"C_Semantic_Treehouse/validation/governance-validation-report.md"	"archive/v0_validation_reports/governance-validation-report.md"	"9cf053bed204da54c6667bbbc5c81fe39ad7275487b9086928fe9c5cd1785354"	"9cf053bed204da54c6667bbbc5c81fe39ad7275487b9086928fe9c5cd1785354"	"True"
"C_Semantic_Treehouse/validation/jsonld-validation-report.md"	"archive/v0_validation_reports/jsonld-validation-report.md"	"e9308fc5dab37c2548bd2f5655b24507e072af9bfc7e66ff59cb9cdb6c65c216"	"e9308fc5dab37c2548bd2f5655b24507e072af9bfc7e66ff59cb9cdb6c65c216"	"True"
"C_Semantic_Treehouse/validation/jsonschema-validation-report.md"	"archive/v0_validation_reports/jsonschema-validation-report.md"	"724cc28bd5a6a2ca3d8eac2f249f871228b7dbc6acace7061096ec9aad4ea246"	"724cc28bd5a6a2ca3d8eac2f249f871228b7dbc6acace7061096ec9aad4ea246"	"True"
"C_Semantic_Treehouse/validation/openapi-validation-report.md"	"archive/v0_validation_reports/openapi-validation-report.md"	"cd0209856f76d0f609d1e521789ee71c0320ce58164ba8e5daf228234867d41d"	"cd0209856f76d0f609d1e521789ee71c0320ce58164ba8e5daf228234867d41d"	"True"
"C_Semantic_Treehouse/validation/path-link-report.md"	"archive/v0_validation_reports/path-link-report.md"	"e50b2c1663cef11e0d6a77dfa8a1329916723904747c45341a4441b4ee37dde9"	"e50b2c1663cef11e0d6a77dfa8a1329916723904747c45341a4441b4ee37dde9"	"True"
"C_Semantic_Treehouse/validation/pyshacl-validation-report.md"	"archive/v0_validation_reports/pyshacl-validation-report.md"	"ee0d8e4d91cae73b5f5e988c7a53c12e6062dbf27c08b265b84835ac9168eb3a"	"ee0d8e4d91cae73b5f5e988c7a53c12e6062dbf27c08b265b84835ac9168eb3a"	"True"
"C_Semantic_Treehouse/validation/quality-metrics-report.md"	"archive/v0_validation_reports/quality-metrics-report.md"	"dc5563c4927387f4c78a81dd36053bc0876884caeaf30e4b34517ed85f288d9d"	"dc5563c4927387f4c78a81dd36053bc0876884caeaf30e4b34517ed85f288d9d"	"True"
"C_Semantic_Treehouse/validation/rdf-validation-report.md"	"archive/v0_validation_reports/rdf-validation-report.md"	"93142ed53d28f1cd83fffc56dbf3c7b5c0028ef73c3c84c70994c401270b57eb"	"93142ed53d28f1cd83fffc56dbf3c7b5c0028ef73c3c84c70994c401270b57eb"	"True"
"C_Semantic_Treehouse/validation/README.md"	"archive/v0_validation_reports/README.v0.md"	"f2a4fce8700ac138e59199d2724007ab69acfc0d6aa06a4de6b84bc2d71245d1"	"f2a4fce8700ac138e59199d2724007ab69acfc0d6aa06a4de6b84bc2d71245d1"	"True"
"C_Semantic_Treehouse/validation/required-files-report.md"	"archive/v0_validation_reports/required-files-report.md"	"37a311314f90fabfd89ac6c4b18af3384c3b7b2cc8f5fd151c6457782b0f1169"	"37a311314f90fabfd89ac6c4b18af3384c3b7b2cc8f5fd151c6457782b0f1169"	"True"
"C_Semantic_Treehouse/validation/sparql-competency-question-report.md"	"archive/v0_validation_reports/sparql-competency-question-report.md"	"be584cf67e3667626ccb87c7c098ec60c965f5ea0ea2af1e3261a2f119d65a2e"	"be584cf67e3667626ccb87c7c098ec60c965f5ea0ea2af1e3261a2f119d65a2e"	"True"
"docker-compose.validation.yml"	"archive/v0_tooling/docker-compose.validation.yml"	"4bf609c3f1f448a039a8b2d3dd74d396d8510d1212b2b8c72f929fa64bd9f11f"	"4bf609c3f1f448a039a8b2d3dd74d396d8510d1212b2b8c72f929fa64bd9f11f"	"True"
"Dockerfile.validation"	"archive/v0_tooling/Dockerfile.validation"	"e2051230af430b55c50920cf29405d42a4b010fb0af03232d84ba0275769c5f5"	"e2051230af430b55c50920cf29405d42a4b010fb0af03232d84ba0275769c5f5"	"True"
"make.cmd"	"archive/v0_tooling/make.cmd"	"d9f4cecbf0acc26f9bc4714ff5d66bd24e351237a14b17178563f27762043bb1"	"d9f4cecbf0acc26f9bc4714ff5d66bd24e351237a14b17178563f27762043bb1"	"True"
"Makefile"	"archive/v0_tooling/Makefile"	"3dafa10617ae12f8babf0a0f1ab174fd126036b9c221425ad797a9b08074fc32"	"3dafa10617ae12f8babf0a0f1ab174fd126036b9c221425ad797a9b08074fc32"	"True"
"prompts/emergency-recovery-prompt.md"	"prompts/v0/emergency-recovery-prompt.md"	"398e1b3da995b847630b766860115a44d8c0518c89261acc7c25e6aca649c97c"	"398e1b3da995b847630b766860115a44d8c0518c89261acc7c25e6aca649c97c"	"True"
"prompts/master-prompt.md"	"prompts/v0/master-prompt.md"	"1cbaf53d90dcdc1f7f57f429f786856412a0984a27dee09ec84b7a5872326020"	"1cbaf53d90dcdc1f7f57f429f786856412a0984a27dee09ec84b7a5872326020"	"True"
"prompts/phase-00-repository-audit-and-project-scaffold.md"	"prompts/v0/phase-00-repository-audit-and-project-scaffold.md"	"9ea19d8142a8e98936bc091832db6652d882c37b68d4a1cd5645d6546ed743f8"	"9ea19d8142a8e98936bc091832db6652d882c37b68d4a1cd5645d6546ed743f8"	"True"
"prompts/phase-01-core-vocabulary-and-versioned-semantic-artifacts.md"	"prompts/v0/phase-01-core-vocabulary-and-versioned-semantic-artifacts.md"	"7ee11f434efad1b7260096ec7494221a9403bdffee35e02869c2565aeed996ea"	"7ee11f434efad1b7260096ec7494221a9403bdffee35e02869c2565aeed996ea"	"True"
"prompts/phase-02-validation-harness-scripts-and-dockerized-tooling.md"	"prompts/v0/phase-02-validation-harness-scripts-and-dockerized-tooling.md"	"f91c61dd967d398800036c2a807e8fe2ac2409a6eaface34637117cd18199517"	"f91c61dd967d398800036c2a807e8fe2ac2409a6eaface34637117cd18199517"	"True"
"prompts/phase-03-sparql-competency-questions-and-semantic-tests.md"	"prompts/v0/phase-03-sparql-competency-questions-and-semantic-tests.md"	"6f84bac60795b965a807d924dd2ee4427e9bc3fb03a485abc91e2bbc6cfa75e3"	"6f84bac60795b965a807d924dd2ee4427e9bc3fb03a485abc91e2bbc6cfa75e3"	"True"
"prompts/phase-04-sssom-mapping-and-reuse-metrics.md"	"prompts/v0/phase-04-sssom-mapping-and-reuse-metrics.md"	"5e6dfd64b399ab1aa69ce2f2b2d964a54a3b95b19b25d724339961dcbbfdf9e5"	"5e6dfd64b399ab1aa69ce2f2b2d964a54a3b95b19b25d724339961dcbbfdf9e5"	"True"
"prompts/phase-05-provenance-and-version-governance-metadata.md"	"prompts/v0/phase-05-provenance-and-version-governance-metadata.md"	"f013c12b85e224415ded09941c59d0f40ca99dde7b9f8863188ff46b25872a99"	"f013c12b85e224415ded09941c59d0f40ca99dde7b9f8863188ff46b25872a99"	"True"
"prompts/phase-06-semantic-treehouse-local-deployment-evidence-track.md"	"prompts/v0/phase-06-semantic-treehouse-local-deployment-evidence-track.md"	"270945d4d2109e2cf87d9c5579ad988eb6ceae3a0c951aed2b3561978bec01c1"	"270945d4d2109e2cf87d9c5579ad988eb6ceae3a0c951aed2b3561978bec01c1"	"True"
"prompts/phase-07-reports-diagrams-and-handoff-contracts.md"	"prompts/v0/phase-07-reports-diagrams-and-handoff-contracts.md"	"de65cbf9f59f4897a3ebef0f1f3e59a137cb10e5c4b454788955ea76f3983f6e"	"de65cbf9f59f4897a3ebef0f1f3e59a137cb10e5c4b454788955ea76f3983f6e"	"True"
"prompts/phase-08-ci-pipeline-and-final-repository-hardening.md"	"prompts/v0/phase-08-ci-pipeline-and-final-repository-hardening.md"	"2456fc4f823b7211b06d81785464b6a69f7b3c351f113d232ca8c9086096be7e"	"2456fc4f823b7211b06d81785464b6a69f7b3c351f113d232ca8c9086096be7e"	"True"
"prompts/phase-09-final-qa-evidence-consolidation-and-no-regression-pass.md"	"prompts/v0/phase-09-final-qa-evidence-consolidation-and-no-regression-pass.md"	"a39a31477b87d1c62f4dea2e9e2947ec9e3e7ecbb599f98f0e34f5ff273288b7"	"a39a31477b87d1c62f4dea2e9e2947ec9e3e7ecbb599f98f0e34f5ff273288b7"	"True"
"prompts/README.md"	"prompts/v0/README.md"	"d0d3e31dec82b122cce5d2a8adf80d5a4e08fff09e90294c60e56f3af04b7c58"	"d0d3e31dec82b122cce5d2a8adf80d5a4e08fff09e90294c60e56f3af04b7c58"	"True"
"tools/semantic-treehouse/README.md"	"tools/semantic-treehouse/README.md"	"6f2b1a5f7121a1bcdcc41aab5da5eeb83e82aa6b1d9ee619f02fa3700f2cc259"	"6f2b1a5f7121a1bcdcc41aab5da5eeb83e82aa6b1d9ee619f02fa3700f2cc259"	"True"
